asdsdgdfgdfg,10
asdsdgdfgdfg,10
Pulp Fiction,10
asdsdgdfgdfg,10
asdsdgdfgdfg,10
asdsdgdfgdfg,10
asdsdgdfgdfg,10
Alien�,7
Alien�,7
John Wick: Chapter Two,7
John Wick: Chapter Two,7
Jeanne d'Arc,7
Jeanne d'Arc,7
Stonehearst Asylum,7
Stonehearst Asylum,7
Birdman (or The Unexpected Virtue of Ignorance),7
Birdman (or The Unexpected Virtue of Ignorance),7
WALL�E,8
WALL�E,8
Snatch.,10
Snatch.,10
Fantomas se dechaine,8
Fantomas se dechaine,8
Le Fabuleux destin d'Amelie Poulain,8
Le Fabuleux destin d'Amelie Poulain,8
Venus beaute (institut),9
Venus beaute (institut),9
